Data type: fastq_reads_noninterleaved; Columns: 8; Version: 1,,,,,,,
fastq_fwd_staging_file_name,fastq_rev_staging_file_name,sequencing_tech,name,single_genome,read_orientation_outward,insert_size_std_dev,insert_size_mean
Forward/left FASTQ file path,Reverse/right FASTQ file path,Sequencing technology,Reads object name,Single genome,Reads orientation outward,St. dev. of insert size,Mean insert size
72_hr_Carb_23_TAGTTCGGTA-CTACACATGG_L001_R1_001.fastq.gz,72_hr_Carb_23_TAGTTCGGTA-CTACACATGG_L001_R2_001.fastq.gz,Illumina,72_hr_Carb_23,1,0,,
24_hr_Carb_2_AACATCGCGC-ACAAGTGGAC_L001_R1_001.fastq.gz,24_hr_Carb_2_AACATCGCGC-ACAAGTGGAC_L001_R2_001.fastq.gz,Illumina,24_hr_Carb_2,1,0,,
72_hr_Carb_9_TATGTAGTCA-CATTAGTGCG_L001_R1_001.fastq.gz,72_hr_Carb_9_TATGTAGTCA-CATTAGTGCG_L001_R2_001.fastq.gz,Illumina,72_hr_Carb_9,1,0,,
72_hr_Carb_14_CTGCGAGCCA-TGGCCGGATT_L001_R1_001.fastq.gz,72_hr_Carb_14_CTGCGAGCCA-TGGCCGGATT_L001_R2_001.fastq.gz,Illumina,72_hr_Carb_14,1,0,,
24_hr_Carb_28_GTGACACGCA-GTCCGTAAGC_L001_R1_001.fastq.gz,24_hr_Carb_28_GTGACACGCA-GTCCGTAAGC_L001_R2_001.fastq.gz,Illumina,24_hr_Carb_28,1,0,,
72_hr_Carb_20_GACACCATGT-TACACGTTGA_L001_R1_001.fastq.gz,72_hr_Carb_20_GACACCATGT-TACACGTTGA_L001_R2_001.fastq.gz,Illumina,72_hr_Carb_20,1,0,,
72_hr_Carb_19_AGTGTTGCAC-CGTGTACCAG_L001_R1_001.fastq.gz,72_hr_Carb_19_AGTGTTGCAC-CGTGTACCAG_L001_R2_001.fastq.gz,Illumina,72_hr_Carb_19,1,0,,
24_hr_Carb_20_ACGCCTTGTT-ACGTTCCTTA_L001_R1_001.fastq.gz,24_hr_Carb_20_ACGCCTTGTT-ACGTTCCTTA_L001_R2_001.fastq.gz,Illumina,24_hr_Carb_20,1,0,,
24_hr_Carb_9_CTTGCCATTA-CCTTCGTGAT_L001_R1_001.fastq.gz,24_hr_Carb_9_CTTGCCATTA-CCTTCGTGAT_L001_R2_001.fastq.gz,Illumina,24_hr_Carb_9,1,0,,
72_hr_Carb_24_CTATTACTAC-GGAGAGACTC_L001_R1_001.fastq.gz,72_hr_Carb_24_CTATTACTAC-GGAGAGACTC_L001_R2_001.fastq.gz,Illumina,72_hr_Carb_24,1,0,,
72_hr_Carb_5_ACCGGCCGTA-AATATTGCCA_L001_R1_001.fastq.gz,72_hr_Carb_5_ACCGGCCGTA-AATATTGCCA_L001_R2_001.fastq.gz,Illumina,72_hr_Carb_5,1,0,,
24_hr_Carb_1_CACAATAGGA-CTCGGATGGA_L001_R1_001.fastq.gz,24_hr_Carb_1_CACAATAGGA-CTCGGATGGA_L001_R2_001.fastq.gz,Illumina,24_hr_Carb_1,1,0,,
72_hr_Carb_27_TCTATCCTAA-CCAGTCGACG_L001_R1_001.fastq.gz,72_hr_Carb_27_TCTATCCTAA-CCAGTCGACG_L001_R2_001.fastq.gz,Illumina,72_hr_Carb_27,1,0,,
hc2_1_CGACATCCGA-AATGAACGTA_L001_R1_001.fastq.gz,hc2_1_CGACATCCGA-AATGAACGTA_L001_R2_001.fastq.gz,Illumina,hc2_1,1,0,,
24_hr_Carb_4_GATCAAGGCA-ATTAACAAGG_L001_R1_001.fastq.gz,24_hr_Carb_4_GATCAAGGCA-ATTAACAAGG_L001_R2_001.fastq.gz,Illumina,24_hr_Carb_4,1,0,,
72_hr_Carb_11_GTCTAATGGC-CCTGACCACT_L001_R1_001.fastq.gz,72_hr_Carb_11_GTCTAATGGC-CCTGACCACT_L001_R2_001.fastq.gz,Illumina,72_hr_Carb_11,1,0,,
72_hr_Carb_18_CAGTGGCACT-CCTATTGTTA_L001_R1_001.fastq.gz,72_hr_Carb_18_CAGTGGCACT-CCTATTGTTA_L001_R2_001.fastq.gz,Illumina,72_hr_Carb_18,1,0,,
72_hr_Carb_8_CAATCGGCTG-TTCCTACAGC_L001_R1_001.fastq.gz,72_hr_Carb_8_CAATCGGCTG-TTCCTACAGC_L001_R2_001.fastq.gz,Illumina,72_hr_Carb_8,1,0,,
24_hr_Carb_24_TAAGCATCCA-AATGGATTGA_L001_R1_001.fastq.gz,24_hr_Carb_24_TAAGCATCCA-AATGGATTGA_L001_R2_001.fastq.gz,Illumina,24_hr_Carb_24,1,0,,
24_hr_Carb_27_CCACCAGGCA-ATTCCATAAG_L001_R1_001.fastq.gz,24_hr_Carb_27_CCACCAGGCA-ATTCCATAAG_L001_R2_001.fastq.gz,Illumina,24_hr_Carb_27,1,0,,
24_hr_Carb_10_GAAGCGGCAC-AGTAGAGCCG_L001_R1_001.fastq.gz,24_hr_Carb_10_GAAGCGGCAC-AGTAGAGCCG_L001_R2_001.fastq.gz,Illumina,24_hr_Carb_10,1,0,,
72_hr_Carb_10_ACTCGGCAAT-TTCAGTTGTC_L001_R1_001.fastq.gz,72_hr_Carb_10_ACTCGGCAAT-TTCAGTTGTC_L001_R2_001.fastq.gz,Illumina,72_hr_Carb_10,1,0,,
Bacteroides_Dropout_2_ATTCCATAAG-CCACCAGGCA_L001_R1_001.fastq.gz,Bacteroides_Dropout_2_ATTCCATAAG-CCACCAGGCA_L001_R2_001.fastq.gz,Illumina,Bacteroides_Dropout_2,1,0,,
72_hr_Carb_7_GTGCAGACAG-ACGGATGGTA_L001_R1_001.fastq.gz,72_hr_Carb_7_GTGCAGACAG-ACGGATGGTA_L001_R2_001.fastq.gz,Illumina,72_hr_Carb_7,1,0,,
24_hr_Carb_14_GAGAATGGTT-TTGCTGCCGA_L001_R1_001.fastq.gz,24_hr_Carb_14_GAGAATGGTT-TTGCTGCCGA_L001_R2_001.fastq.gz,Illumina,24_hr_Carb_14,1,0,,
72_hr_Carb_4_GGTAACTCGC-TCACCAACTT_L001_R1_001.fastq.gz,72_hr_Carb_4_GGTAACTCGC-TCACCAACTT_L001_R2_001.fastq.gz,Illumina,72_hr_Carb_4,1,0,,
72_hr_Carb_16_GCAACATGGA-TTAAGACAAG_L001_R1_001.fastq.gz,72_hr_Carb_16_GCAACATGGA-TTAAGACAAG_L001_R2_001.fastq.gz,Illumina,72_hr_Carb_16,1,0,,
72_hr_Carb_2_TGATTATACG-TGTAATCGAC_L001_R1_001.fastq.gz,72_hr_Carb_2_TGATTATACG-TGTAATCGAC_L001_R2_001.fastq.gz,Illumina,72_hr_Carb_2,1,0,,
72_hr_Carb_3_CAGCCGCGTA-CACGGCTAGT_L001_R1_001.fastq.gz,72_hr_Carb_3_CAGCCGCGTA-CACGGCTAGT_L001_R2_001.fastq.gz,Illumina,72_hr_Carb_3,1,0,,
72_hr_Carb_15_CGTTATTCTA-AACCTTATGG_L001_R1_001.fastq.gz,72_hr_Carb_15_CGTTATTCTA-AACCTTATGG_L001_R2_001.fastq.gz,Illumina,72_hr_Carb_15,1,0,,
24_hr_Carb_21_TTCTACATAC-TTACAGTTAG_L001_R1_001.fastq.gz,24_hr_Carb_21_TTCTACATAC-TTACAGTTAG_L001_R2_001.fastq.gz,Illumina,24_hr_Carb_21,1,0,,
72_hr_Carb_17_GTCCTGGATA-TTCGCCACCG_L001_R1_001.fastq.gz,72_hr_Carb_17_GTCCTGGATA-TTCGCCACCG_L001_R2_001.fastq.gz,Illumina,72_hr_Carb_17,1,0,,
24_hr_Carb_6_AGTCAGACGA-TGTCGCTGGT_L001_R1_001.fastq.gz,24_hr_Carb_6_AGTCAGACGA-TGTCGCTGGT_L001_R2_001.fastq.gz,Illumina,24_hr_Carb_6,1,0,,
72_hr_Carb_6_TGTAATCGAC-CGCGGTGATC_L001_R1_001.fastq.gz,72_hr_Carb_6_TGTAATCGAC-CGCGGTGATC_L001_R2_001.fastq.gz,Illumina,72_hr_Carb_6,1,0,,
24_hr_Carb_23_GGTTGCGAGG-TTGCTCTATT_L001_R1_001.fastq.gz,24_hr_Carb_23_GGTTGCGAGG-TTGCTCTATT_L001_R2_001.fastq.gz,Illumina,24_hr_Carb_23,1,0,,
24_hr_Carb_18_ATGGTTGACT-AGGACAGGCC_L001_R1_001.fastq.gz,24_hr_Carb_18_ATGGTTGACT-AGGACAGGCC_L001_R2_001.fastq.gz,Illumina,24_hr_Carb_18,1,0,,
24_hr_Carb_17_GATAGGCCGA-GCCATGTGCG_L001_R1_001.fastq.gz,24_hr_Carb_17_GATAGGCCGA-GCCATGTGCG_L001_R2_001.fastq.gz,Illumina,24_hr_Carb_17,1,0,,
72_hr_Carb_21_CCTGTCTGTC-TCACAACAGT_L001_R1_001.fastq.gz,72_hr_Carb_21_CCTGTCTGTC-TCACAACAGT_L001_R2_001.fastq.gz,Illumina,72_hr_Carb_21,1,0,,
24_hr_Carb_16_CCATCATTAG-AGAGGCAACC_L001_R1_001.fastq.gz,24_hr_Carb_16_CCATCATTAG-AGAGGCAACC_L001_R2_001.fastq.gz,Illumina,24_hr_Carb_16,1,0,,
72_hr_Carb_1_ACAGTGTATG-CCGTATGTTC_L001_R1_001.fastq.gz,72_hr_Carb_1_ACAGTGTATG-CCGTATGTTC_L001_R2_001.fastq.gz,Illumina,72_hr_Carb_1,1,0,,
24_hr_Carb_19_TATTGCGCTC-CCTAACACAG_L001_R1_001.fastq.gz,24_hr_Carb_19_TATTGCGCTC-CCTAACACAG_L001_R2_001.fastq.gz,Illumina,24_hr_Carb_19,1,0,,
24_hr_Carb_15_AGAGGCAACC-CCATCATTAG_L001_R1_001.fastq.gz,24_hr_Carb_15_AGAGGCAACC-CCATCATTAG_L001_R2_001.fastq.gz,Illumina,24_hr_Carb_15,1,0,,
24_hr_Carb_25_ACCACGACAT-CCGCATACGA_L001_R1_001.fastq.gz,24_hr_Carb_25_ACCACGACAT-CCGCATACGA_L001_R2_001.fastq.gz,Illumina,24_hr_Carb_25,1,0,,
24_hr_Carb_26_GCCGCACTCT-CGAGGTCGGA_L001_R1_001.fastq.gz,24_hr_Carb_26_GCCGCACTCT-CGAGGTCGGA_L001_R2_001.fastq.gz,Illumina,24_hr_Carb_26,1,0,,
24_hr_Carb_3_CTAGTGCTCT-TACTGTTCCA_L001_R1_001.fastq.gz,24_hr_Carb_3_CTAGTGCTCT-TACTGTTCCA_L001_R2_001.fastq.gz,Illumina,24_hr_Carb_3,1,0,,
24_hr_Carb_11_TCCATTGCCG-TCGTGCATTC_L001_R1_001.fastq.gz,24_hr_Carb_11_TCCATTGCCG-TCGTGCATTC_L001_R2_001.fastq.gz,Illumina,24_hr_Carb_11,1,0,,
24_hr_Carb_22_AACCATAGAA-CCATCTCGCC_L001_R1_001.fastq.gz,24_hr_Carb_22_AACCATAGAA-CCATCTCGCC_L001_R2_001.fastq.gz,Illumina,24_hr_Carb_22,1,0,,
72_hr_Carb_28_CTCGCTTCGG-TTGACTAGTA_L001_R1_001.fastq.gz,72_hr_Carb_28_CTCGCTTCGG-TTGACTAGTA_L001_R2_001.fastq.gz,Illumina,72_hr_Carb_28,1,0,,
Bacteroides_Dropout_1_AGGTCAGATA-TATCTTGTAG_L001_R1_001.fastq.gz,Bacteroides_Dropout_1_AGGTCAGATA-TATCTTGTAG_L001_R2_001.fastq.gz,Illumina,Bacteroides_Dropout_1,1,0,,
24_hr_Carb_13_CGGTTACGGC-CTATAGTCTT_L001_R1_001.fastq.gz,24_hr_Carb_13_CGGTTACGGC-CTATAGTCTT_L001_R2_001.fastq.gz,Illumina,24_hr_Carb_13,1,0,,
72_hr_Carb_22_TGATGTAAGA-AAGGACGCAC_L001_R1_001.fastq.gz,72_hr_Carb_22_TGATGTAAGA-AAGGACGCAC_L001_R2_001.fastq.gz,Illumina,72_hr_Carb_22,1,0,,
72_hr_Carb_26_ACTCTATTGT-CATATGCGAT_L001_R1_001.fastq.gz,72_hr_Carb_26_ACTCTATTGT-CATATGCGAT_L001_R2_001.fastq.gz,Illumina,72_hr_Carb_26,1,0,,
24_hr_Carb_8_GAGTCATAGG-AGCGCCACAC_L001_R1_001.fastq.gz,24_hr_Carb_8_GAGTCATAGG-AGCGCCACAC_L001_R2_001.fastq.gz,Illumina,24_hr_Carb_8,1,0,,
72_hr_Carb_25_TAGCATAACC-TGCGCATAGC_L001_R1_001.fastq.gz,72_hr_Carb_25_TAGCATAACC-TGCGCATAGC_L001_R2_001.fastq.gz,Illumina,72_hr_Carb_25,1,0,,
24_hr_Carb_5_GACTGAGTAG-CACTATCAAC_L001_R1_001.fastq.gz,24_hr_Carb_5_GACTGAGTAG-CACTATCAAC_L001_R2_001.fastq.gz,Illumina,24_hr_Carb_5,1,0,,
hc2_2_GAACTGAGCG-CGCTCCACGA_L001_R1_001.fastq.gz,hc2_2_GAACTGAGCG-CGCTCCACGA_L001_R2_001.fastq.gz,Illumina,hc2_2,1,0,,
24_hr_Carb_7_CCGTATGTTC-ACAGTGTATG_L001_R1_001.fastq.gz,24_hr_Carb_7_CCGTATGTTC-ACAGTGTATG_L001_R2_001.fastq.gz,Illumina,24_hr_Carb_7,1,0,,
72_hr_Carb_13_CCATCTCGCC-AACCATAGAA_L001_R1_001.fastq.gz,72_hr_Carb_13_CCATCTCGCC-AACCATAGAA_L001_R2_001.fastq.gz,Illumina,72_hr_Carb_13,1,0,,
